"weight","body_len","fin_len","species"
26.0062143724081,45.3832507897697,14.3060097576192,"trout"
11.6259174375996,20.4515423789704,16.3436901629891,"bass"
20.9265845660512,32.9624629118952,16.1387994586349,"walleye"
12.5491945755596,16.4921669577325,18.6720654706736,"bass"
25.3667266933399,40.6470243628371,15.4364028084018,"trout"
20.2276646537988,31.3886225264867,16.7642985139777,"walleye"
20.0635059921032,27.6937000497549,15.824275191906,"walleye"
21.0587954147378,30.2930717933662,16.9328577684951,"walleye"
12.8244428736178,17.3906412265398,17.1851356612296,"bass"
37.1257035556714,48.5331227040624,15.7029839225781,"trout"
21.9969022758502,30.7199970199017,16.1000623618595,"walleye"
19.705042093431,22.529622719541,19.1919277218209,"bass"
33.8822019504172,60.0818130243264,17.686170256996,"trout"
25.8609766124541,34.6540755075978,14.1925718591253,"trout"
23.1571101986449,32.0567944357288,20.1825900053415,"bass"
20.7238782305367,25.4976189856931,15.4258051406796,"walleye"
28.8736040795471,45.6795984212454,16.4308236202075,"trout"
14.0787587442363,19.4080183056527,16.3219493158918,"bass"
21.5184483285665,29.6765047225213,15.1735655932676,"walleye"
19.0920355044353,29.5771885856144,15.218151560165,"walleye"
18.905264340319,19.2981969430842,18.4420586579725,"bass"
18.1437672728191,28.7451550482563,15.6174286201354,"walleye"
17.7526299360547,30.7511594191438,15.7792882368961,"walleye"
22.3836626965077,29.3000432125719,19.3998701471972,"walleye"
18.6641670057875,24.9823597641933,20.1267894766255,"bass"
36.2525376756912,52.8014947949538,17.5615680106934,"trout"
13.5528907888443,22.2087179665827,17.8934865468976,"bass"
36.6100369570098,53.697985653542,17.1532743734308,"trout"
20.2729010910779,25.0972412348952,18.2157178919486,"bass"
26.4519341566091,31.8683589557371,14.6946839802768,"trout"
14.7723092983018,21.1821331309141,18.9389742061983,"bass"
32.6980700199397,54.6239015156792,15.5083148655971,"trout"
19.7795212812048,20.4582286958335,20.0435123400938,"bass"
17.9323065900862,21.7960597249775,13.5666033165028,"walleye"
27.7565738299471,47.7355888437678,13.3865339610228,"trout"
27.0497648742576,43.8830873816821,13.416280406035,"trout"
20.6015619821052,39.2987347457981,15.9182959863738,"walleye"
26.8213182787629,46.8365858649789,14.1652761979493,"trout"
16.9175932703268,24.4007917145023,18.8289960331384,"bass"
20.4349427348389,28.0365395532928,17.2871823323882,"walleye"
23.3620382385883,34.8774843151488,18.2475888203456,"walleye"
26.754176976931,41.3303843256566,14.2834636031577,"trout"
21.8918539406288,31.6625699945156,17.6886002195778,"walleye"
19.6384487078375,28.8886628268627,15.5840734605536,"walleye"
19.0974784924732,34.6019278971694,12.2489715400107,"trout"
16.5384514994769,18.8442654512506,19.582743917699,"bass"
23.4237364436235,31.246534600857,16.255137382232,"trout"
26.8296582014328,40.1837782867491,15.1973394062249,"trout"
14.0598318391895,23.3282934078431,17.6664615481356,"bass"
15.0922802742022,22.8870873971381,17.5668159483799,"bass"
21.4770758506095,33.8866192439218,16.7523458100937,"walleye"
19.1866162719654,26.997379042276,11.9901871366294,"trout"
18.0655387709913,22.3124661760401,15.1930140934659,"walleye"
7.32314867221991,3.63551769649594,16.0507920440118,"bass"
27.1543608703424,40.5065208119182,13.5534125549051,"trout"
21.1484251570066,36.6279665454375,15.7817735668238,"walleye"
20.1390860057731,30.6664977507281,18.8176156120576,"bass"
28.1275768178285,37.7537736514498,14.5330804616061,"trout"
18.8562643092741,21.8689959794821,17.8740969300308,"bass"
5.7766825997273,9.59617525543222,18.3631435565015,"bass"
11.0200958921025,12.639722056433,17.4477288212734,"bass"
14.4263690835372,13.9590206924897,19.5299214716462,"bass"
21.1183803656138,39.6817525809332,13.6487192709974,"trout"
17.4915004921876,25.9136209071379,16.4752202524021,"bass"
20.2875473804902,26.0235481522226,16.4712067239575,"walleye"
33.2566237795352,51.5156576404684,14.8223673823702,"trout"
10.3564366856555,12.3901495525979,15.6531402155962,"bass"
19.1525863548091,31.0701304952705,18.4587442749545,"bass"
21.7393117812325,35.4370770582154,17.0015962745124,"walleye"
18.9929944690739,32.3468429977185,16.7493920366668,"walleye"
21.7210336511666,28.5835500403736,18.2708356834992,"walleye"
20.3293286637202,34.658029327329,16.6521463967766,"walleye"
21.3051864284738,32.155910846782,14.7023773428608,"trout"
34.7276757588833,54.5310494589597,15.3212372993959,"trout"
19.2035550465556,24.6421720044848,16.2092136327694,"walleye"
34.2483342133426,47.5990043144603,15.5004377615464,"trout"
20.567187266033,30.4885413505118,14.7554906854972,"walleye"
22.5523803956988,33.6384230990193,13.60512252208,"trout"
14.0397480845754,18.7634409478841,18.7167113567092,"bass"
18.6133307826225,18.746062733762,14.355927366811,"walleye"
20.7986827427632,35.0836845467117,17.989615499183,"bass"
16.4503393890799,26.8611523420631,17.7082167238656,"bass"
20.1346814303813,30.5132605711145,20.7284832173601,"bass"
18.1694362986697,29.3662894014184,18.6289416722054,"bass"
11.6954848896466,16.2815988719389,17.4500026544712,"bass"
12.6108637110846,20.1594821469885,16.4844442188613,"bass"
13.1955819614812,21.6598716210577,18.1990246661675,"bass"
27.2997960643727,43.4086186824775,14.9586647335993,"trout"
16.2133800540158,25.6883930639758,17.1558608734689,"bass"
23.6972346106752,39.85444231075,18.0368791929915,"walleye"
17.4587541040864,26.7291648545526,18.3560756243921,"bass"
38.1391781410281,55.3821059586799,15.629969418038,"trout"
46.794546542441,70.8991666937232,17.3431413653428,"trout"
34.4011713411329,57.1972825947555,15.3472151473414,"trout"
20.5281284470379,35.4280459283031,15.7354567385359,"walleye"
18.287003076837,22.5292989273803,13.8726460371314,"trout"
14.6643747466038,20.6678801409031,18.6354306128798,"bass"
20.0635375242699,22.0193568055212,15.3955737070153,"walleye"
13.9174627687827,24.8716391108105,16.3866493965689,"bass"
29.5317541855247,43.9887673375856,17.1722826653529,"trout"
23.026494781417,32.8585393678818,17.3632756892957,"walleye"
14.4408141894014,18.4164608997259,19.1852083636099,"bass"
15.8103928254048,17.9545108363836,17.7832372250186,"bass"
37.3649813582001,58.5694507666777,16.4179218202215,"trout"
16.1446117115158,24.8710834540344,18.467132329947,"bass"
19.7080023992976,30.4774859747482,15.5293099501449,"walleye"
27.9470728669034,44.6352194617941,14.7702259924611,"trout"
22.8160965349317,30.5128100452647,19.101578204262,"bass"
28.626320739572,45.304052735965,15.059893831365,"trout"
36.0052557043615,57.671392593922,17.4386387134347,"trout"
20.7334193816469,27.5186799541518,16.0142788599778,"walleye"
23.2066916771442,34.3284245936035,14.7947882678797,"walleye"
40.3492810742971,64.9426353918051,17.0843286588536,"trout"
17.7985608618024,17.5836815196589,17.9954151421098,"bass"
14.3740763393021,19.7166780289624,17.89733029737,"bass"
19.5651313698009,32.2327817926536,18.8867003004062,"bass"
17.0354403907568,31.9731050222259,17.5491271857959,"bass"
35.6203505281455,59.8243492098093,16.274004402104,"trout"
20.5226208323531,29.4950346579627,18.9792251939404,"walleye"
19.1825147786268,27.1951902830982,18.0645523117721,"bass"
23.2574700352857,39.0184099032857,14.0061889200861,"trout"
15.1017113298638,22.4102238018821,17.3672420212217,"bass"
20.3274558203076,31.1887942669575,18.3687435815287,"bass"
13.8163803876229,25.1279156910196,16.2512817914961,"bass"
15.4497370547172,23.7105165406318,16.79172337917,"walleye"
25.0022075138647,39.1325117892125,13.8414857951506,"trout"
32.5465542113265,53.962841076003,16.5088243118841,"trout"
19.4045384417672,26.3766748272209,15.0835477714079,"walleye"
19.4293476810455,32.4889649810355,14.4376670152701,"walleye"
33.5443906445762,52.0964125995568,16.4120776950637,"trout"
14.0280638224727,26.4337297978952,17.8490339444504,"bass"
26.1391271421035,39.8246021883443,13.4485106000666,"trout"
23.043274088257,37.4966972970054,13.2620695699975,"trout"
30.2865394996768,46.7616939673126,14.8769259101459,"trout"
34.7752231428155,56.4008886618556,14.7801022126384,"trout"
12.8227628713869,14.5877965419992,15.6077689207003,"bass"
20.1382808395208,31.1840426010223,15.8163562655058,"walleye"
21.2763130466837,37.4834889795227,16.5451511789257,"walleye"
22.3665484325056,20.4639629962208,16.7708977597122,"walleye"
21.5474055879495,31.1435938846503,16.3117501691677,"walleye"
20.7458300377657,33.4998787561117,13.3183494196014,"trout"
13.1236283922971,19.3267091013185,16.7784838758622,"bass"
30.527602734202,48.9919822118244,15.1577592838619,"trout"
20.0659858655292,28.2240374174861,16.4867157019132,"walleye"
20.4637231317521,27.1880528228092,15.3895010967492,"walleye"
18.0917423411145,23.7877964986755,18.6853858219044,"bass"
18.0799602415461,26.5174236244241,14.7467371342716,"walleye"
33.2164663168944,46.0996809502139,15.87784197417,"trout"
32.1269605459627,50.2763469086418,17.0208873499366,"trout"
14.9508834349602,17.7935637947575,18.234321931568,"bass"
34.476898706922,53.6921235887355,15.5448472759362,"trout"
19.1083449143029,29.6906107414425,20.3760563778127,"bass"
17.2809282216151,20.9340070158853,15.670982759158,"walleye"
33.0755236902604,51.5242127361677,16.5779675578239,"trout"
22.6705248480654,33.4180365560659,17.0722841893627,"walleye"
29.8291682614979,46.3027856522896,15.1892771653202,"trout"
30.3152784061623,47.1271611469427,14.6599543321647,"trout"
27.8340079368299,41.1551431949086,14.1363819501605,"trout"
17.7582607988107,27.4807583273795,16.6434524320457,"walleye"
16.4333996223777,22.2143128020433,17.2840934186591,"bass"
29.6253959729194,46.4933322350143,15.4737190423103,"trout"
17.3967938270251,27.2988436871401,14.1316526045764,"walleye"
10.8896399504087,17.4024708562213,17.3734250902062,"bass"
22.5448672562801,32.6854378494085,17.3466369692748,"walleye"
18.1264342347698,29.2070365573364,15.3437565479475,"walleye"
23.7702650833134,39.862436376675,17.3596494251233,"walleye"
16.7855885791053,26.4342042782433,17.472768120545,"bass"
18.4171033135793,30.7889435917764,15.539555759169,"walleye"
18.2345137591066,39.378780274567,16.1967441928342,"walleye"
13.0561000846405,20.5419929268313,17.4386037160153,"bass"
32.6190339212841,47.807178503324,15.4740674575596,"trout"
9.20788926203982,13.591204282228,15.1279235028798,"bass"
20.2122389263175,38.1762743123679,14.9968669521494,"walleye"
20.7594212027029,35.4673003421538,16.5119397555578,"walleye"
32.4385053202397,52.5426485278252,14.995723212425,"trout"
22.1686795812331,34.4891274231373,15.9296300748588,"walleye"
18.6649815108894,25.24998393534,16.5694924020125,"walleye"
31.5660940816963,51.0185749143558,16.2031327162069,"trout"
27.244936012806,42.9493682785485,14.5857542831754,"trout"
19.1484605164457,35.3709767696251,15.6955961794256,"walleye"
21.8719483589983,23.7142493319381,16.0586780419972,"walleye"
20.9285646893348,24.7597567002162,14.8293854952235,"walleye"
29.4237377597451,40.7230804106394,13.4493117611059,"trout"
31.8893873882222,38.1894307398027,15.0357443148254,"trout"
20.3076663062357,29.3627038135427,14.7124346516998,"walleye"
20.3604390490136,34.9885344981302,16.6111130324832,"walleye"
21.788580394293,27.9138321585391,17.5019397480307,"walleye"
8.52745665737224,11.8459106470927,14.4960368938002,"bass"
13.8111455166346,25.5316491329238,19.2274606551331,"bass"
9.06489939083341,14.5089665359359,16.7666638936407,"bass"
13.4854958371119,16.431446643237,16.9265537996194,"bass"
13.0083858611311,19.6377981267412,16.6741425425965,"bass"
38.5052705201785,57.3441014570362,17.1160928046202,"trout"
30.3683259837701,38.0646776566115,15.4327939356393,"trout"
29.347199325368,43.5238067877509,15.317609450861,"trout"
22.4013161664473,28.1508623005967,16.0694321662376,"walleye"
16.6850782741405,25.3634989607577,15.7641092808287,"walleye"
28.1875311495772,40.4850962318296,15.3030661982661,"trout"
14.8457089145323,22.0506218032008,17.5337828482997,"bass"
19.4806857758368,23.8466770720851,15.1019074820625,"walleye"
30.8274222079326,41.9197520656044,15.7325973341009,"trout"
11.8713385656282,14.3411706242456,18.2271510067142,"bass"
9.32122975896883,14.1985429716961,17.6045491726967,"bass"
35.7084726614323,48.6992159065089,14.7835124988108,"trout"
15.0760556861553,20.1566497169209,19.6490117054516,"bass"
29.0118738503511,40.0856834101974,14.3385821831031,"trout"
39.6459336894565,60.1619847727231,16.3082452473007,"trout"
11.1185445664263,17.7645196911897,17.5151160646725,"bass"
20.8961868711477,30.7473156894076,17.3229747508597,"walleye"
26.226532243714,39.8064901676103,15.290458199374,"trout"
15.5622580818303,23.0103035130874,17.9459343471032,"bass"
21.9400990364181,29.1021361759892,17.5483730481202,"walleye"
25.400571669483,38.6904715189601,14.0358595583912,"trout"
17.7754812965828,28.3812581703181,16.8961889413629,"walleye"
21.1487035843509,27.5965725935434,14.4045095301628,"walleye"
12.3110940944997,7.54870567628248,17.8328325543559,"bass"
24.5529895432875,38.5377944584743,14.4413378811175,"trout"
20.5638866292642,35.9761461851997,15.666294714766,"walleye"
17.8037421263358,27.2839745699512,14.0814816361794,"trout"
23.0925923340316,39.0319517455465,12.640517769101,"trout"
20.4199865975313,34.8705641076421,16.3373578560797,"walleye"
18.8518773123686,22.3266003824035,15.8826551588727,"walleye"
19.1767782509094,27.2093168136354,18.5435204687249,"bass"
20.2529532178017,28.9006588472144,16.1398330888345,"walleye"
10.7333251069295,20.2679967639582,16.7374856828445,"bass"
11.9275660107819,16.4245645179378,17.0557064356294,"bass"
28.2547679358516,45.3367769137778,14.659097059793,"trout"
21.2607755123864,37.9428938581173,16.5210314423535,"walleye"
22.4273755949507,34.676509465417,13.7332057058573,"trout"
38.3050742303849,54.8824553302427,16.6780535451184,"trout"
20.2452750430599,36.2489551223708,15.464963091207,"walleye"
11.6929406761468,18.7960312852211,18.4797208024915,"bass"
19.6341019562886,26.8138321534451,16.5480990854024,"walleye"
17.9788842523288,27.4263829583672,18.1837576371476,"bass"
35.4271220676145,51.3740470569277,16.7036608254433,"trout"
33.9034347460546,45.8486704862585,18.0413306207037,"trout"
19.8368271470902,29.0246331302565,17.1095699093994,"walleye"
25.4763898175807,36.4966017022085,20.6023571766863,"bass"
23.8622695395397,37.1002198750683,13.032457923747,"trout"
25.9038945312588,35.2109314787188,12.5084313257682,"trout"
20.6446808511016,30.3616069772908,15.6667366386751,"walleye"
29.8798617541602,42.7928747304603,16.5484119721374,"trout"
16.5929078979633,20.4447695561125,13.9080690669836,"walleye"
18.3979995624549,28.7669380870559,19.4613286245412,"bass"
15.6000437128525,11.8025896611696,17.7777960096423,"bass"
34.6084441148511,52.6739281581336,16.4076156078486,"trout"
20.4343111673123,31.9744357249968,16.5734484323601,"walleye"
19.8365497649019,36.7131554638282,18.6504253304914,"bass"
22.4037931913977,37.6747036306835,17.8620123337815,"walleye"
21.8900204670193,40.1836406665378,13.9190056694558,"trout"
27.0029370054284,44.5328662778041,13.966118487923,"trout"
23.0159440348138,34.7854561707601,20.6593050473504,"bass"
27.4980907317557,47.879001418008,15.0196312500663,"trout"
19.3305375822984,24.8866410558561,14.8762839639748,"walleye"
39.5963794819085,60.9914219298429,16.855148970116,"trout"
13.3260993289639,22.2304472714969,17.599686564222,"bass"
19.4373124578488,32.2423708397525,14.4528895699565,"walleye"
17.9319590637534,24.5433819107999,14.4321855216539,"walleye"
20.3937733436842,33.0742017965501,15.0960325497107,"walleye"
15.887081204223,19.1927561180586,18.6789784584193,"bass"
20.6814910743693,20.8631156703368,16.343903725646,"walleye"
22.5966963308456,36.4155574098598,14.8607425919578,"walleye"
22.076555564978,28.1500223732782,16.8650487808641,"walleye"
25.2380897316085,46.9522119495698,12.4243101547452,"trout"
22.3856232118934,28.747298441354,13.1376321935902,"trout"
28.5409788124427,38.4858139348878,13.9415572141339,"trout"
18.7520665143862,25.5555307816377,15.2177907227621,"walleye"
24.7840428537908,36.7111440371035,14.7271192669262,"trout"
32.9206393800711,45.9177861916079,15.2862476071684,"trout"
15.579387509584,25.5514432137165,16.934397185154,"bass"
15.4071150933232,27.453973299781,18.1733806148367,"bass"
15.9119916731794,17.719354924192,17.6873788842891,"bass"
19.3067826070984,30.7557385257406,17.5147418033923,"bass"
26.6512804688934,38.941293923089,12.8111188140215,"trout"
22.4266028882988,36.0619770718655,20.0496069401751,"bass"
13.5481945021684,19.8982448637207,18.0500692777178,"bass"
19.9584766079881,31.2770633947937,17.0760451189895,"walleye"
27.7550816289867,44.3478230589076,13.9476084951125,"trout"
19.4732391234707,27.8940675218639,15.6774015940093,"walleye"
28.329229051762,43.4860089526268,14.4436861196323,"trout"
37.0433839005057,57.1145485087474,14.4313771371962,"trout"
30.5893405576088,45.833657465678,14.4088647538004,"trout"
19.1864095963447,26.017911831689,14.4726583024536,"walleye"
9.97468836791702,13.4921659438891,19.2496516695006,"bass"
36.7893395330629,65.3452496630977,16.6901605309871,"trout"
26.1668882264195,33.3065337227407,13.5149513767224,"trout"
12.732320742341,20.9971472097693,16.7047548297855,"bass"
13.5463385621611,19.9231050469265,16.7515263562819,"bass"
31.6632251768275,51.5192722548553,14.8225200446454,"trout"
18.5568088773317,27.9207809910697,17.1805095049883,"bass"
19.9228910870043,26.2356424113477,15.4830628428347,"walleye"
22.5340593421807,30.7493394350604,16.8402976342065,"walleye"
22.1616302538993,38.3483975663176,16.216930610204,"walleye"
9.65180674139568,16.0118865190278,17.3930143590462,"bass"
30.6574118785052,45.7026966458239,15.3409438594609,"trout"
42.8481804629899,62.4921143998119,18.1119103885187,"trout"
19.7043826324951,23.8892242752243,17.7537241222667,"bass"
30.4169455925316,51.9498437795827,15.5630494462551,"trout"
39.3765281064712,63.0883923278134,18.4294978004236,"trout"
38.3548454470815,56.6911085785242,16.2408405929893,"trout"
20.2432766157927,28.9712586937553,16.8378095294953,"walleye"
24.296312544499,37.5057911087352,17.6849212441646,"walleye"
9.86513374808635,16.1351951462856,17.8569883483775,"bass"
35.6757479733404,42.229801124372,16.1247837652808,"trout"
18.3752586733434,27.8850472704072,16.3156365029411,"walleye"
18.3555066332985,27.2046323269693,20.1450350594185,"bass"
13.39601914095,19.2615721491644,17.7263168847617,"bass"
17.5153921957741,30.0497555949776,14.8895452582612,"walleye"
33.1669055167979,40.1965146245799,16.7409671036234,"trout"
22.0371642739963,27.0728086995466,15.31978184689,"walleye"
17.894085894477,23.5645212988199,15.6148994831381,"walleye"
17.9190148276208,27.4301562529865,15.4723932686007,"walleye"
35.430677792762,56.1417607746355,15.8989035574339,"trout"
24.3518265362259,40.3676353883491,20.8682534902459,"bass"
13.4655098584165,23.9702321813547,16.1817708672904,"bass"
20.0189803590238,28.1901538358091,15.938941384104,"walleye"
20.1005858487627,28.1582510261354,14.5637894305222,"walleye"
12.0073246270098,21.2594107296989,17.0811694095724,"bass"
30.5652125327518,49.7279824824184,15.2156902737525,"trout"
18.0554077336555,24.3710063534574,15.1211995538877,"walleye"
38.1490397834494,56.0557706842184,15.8166863055103,"trout"
19.5086790128809,28.5339293830127,16.793765900751,"walleye"
22.8731904023925,34.9111030798651,16.6765050926986,"walleye"
15.1952410807665,21.3365188045699,18.5143541188773,"bass"
18.2865098712663,23.1782302361945,17.1684451935286,"walleye"
21.5279317675824,27.015682104278,14.6116937059478,"walleye"
31.1117089465861,50.7537186348324,16.8623822627356,"trout"
20.0544004745648,36.2214633645219,14.9632721200564,"walleye"
21.0067300151812,36.0934098281444,15.9718843320835,"walleye"
20.0309600161303,28.914564199698,13.9752831781162,"walleye"
21.6337296808125,37.8599978855803,17.039425142947,"walleye"
21.204205716814,31.2772313188464,17.3228934408149,"walleye"
19.1704685559993,30.3141344723719,17.7642246563948,"bass"
20.0918886997705,29.0840493953466,18.2560653434479,"bass"
28.0170189983883,38.8902679047983,15.2669001337284,"trout"
38.9450596184853,58.7850712908077,16.2669715850851,"trout"
25.3176315726671,35.9691816673958,14.6078460198378,"trout"
16.1813174218182,27.8346711540937,19.1569884622671,"bass"
26.5296656178214,36.3185712038584,16.8544228250803,"trout"
19.5192213234153,30.3267344238831,16.3406170057176,"walleye"
19.6684293320834,34.86447483339,16.2730090083594,"walleye"
19.4600008255721,24.4800645321139,18.8424145559998,"walleye"
32.0591254281933,48.1503227187303,16.4463539933496,"trout"
22.1981160924569,32.5963894506391,14.2392378035034,"trout"
20.3240337936201,35.03529477585,16.9975607423913,"bass"
17.3221861827636,27.1683976856672,18.86679881616,"bass"
16.7985617225775,24.5030661186502,19.2743323893689,"bass"
21.2487424039877,35.3951231642099,16.805093911997,"walleye"
20.6054311102772,30.2601266574484,16.573732381061,"walleye"
25.2504032557073,35.0221356120099,16.6981041946558,"walleye"
30.8128991691467,43.1252453683282,14.4660914549101,"trout"
24.955168235593,36.8420225254269,14.4153763602329,"trout"
24.565387611609,45.5523279233576,13.6630136586396,"trout"
17.4857545064041,29.5944041032293,14.4346967123262,"walleye"
9.41411482432882,11.8577629119603,16.2653515927965,"bass"
36.3773671964293,53.1248378520185,17.0998215677761,"trout"
16.6639303582434,27.3469627569181,14.8101189869386,"walleye"
21.2428968127551,34.263168915482,16.5979366713408,"walleye"
20.8889923541294,36.9761682702476,19.6479917224908,"bass"
17.8911991317192,27.4233925954989,16.7369309048454,"walleye"
12.495381670256,13.7548088348188,17.4028893865372,"bass"
31.5830094318121,52.7518182683372,14.4436901196519,"trout"
12.1528707740263,12.6605161075225,18.3229658345773,"bass"
7.81061554177816,17.6510907783895,15.8432304392626,"bass"
18.5387469023212,28.0386102186136,18.2878334753923,"bass"
26.4785318291653,41.7894113010807,12.940453251915,"trout"
21.2176965543975,25.845325521059,12.3512577679408,"trout"
18.0423971591358,25.6866953744496,16.3955056859211,"bass"
16.385634520516,24.885660666593,15.8373056480113,"bass"
21.9028117012728,39.987819167841,12.4648392610728,"trout"
14.8940049320031,20.3435064171856,17.3982838790747,"bass"
27.3451422868869,42.3932666398782,14.441365754206,"trout"
16.2383864862461,26.3396907853219,14.6274779998957,"walleye"
31.6729837000776,51.3994520480413,14.7761662462126,"trout"
20.3490818808756,31.9619362882357,19.6804193185999,"bass"
32.6801999935489,50.4981300415491,14.2513736161065,"trout"
35.7366458983542,51.0741107167149,16.0000805599656,"trout"
16.3538523195405,24.3789230151444,19.1334101541184,"bass"
13.1408185097959,23.4989579982913,17.6770130553976,"bass"
18.0121252690404,35.1743625647857,18.4485846005064,"bass"
21.5057963918542,35.2278306746771,14.8640033888138,"walleye"
11.3585634097264,19.3339192269069,17.394256075689,"bass"
18.5046121536093,32.2708745172323,16.0293196855918,"walleye"
16.2549723855108,20.4113150245224,13.9532334931788,"walleye"
11.6747170861398,19.5686022108575,17.1938109182477,"bass"
14.7595216728474,19.6188579105748,19.3379829010853,"bass"
15.1436774676744,18.8457062503387,18.9704068446851,"bass"
30.4213797978412,42.9755193125238,15.6344362836928,"trout"
39.1454353702299,63.586144901897,16.673922558441,"trout"
9.44329735158552,12.9075335441536,16.130435997627,"bass"
13.9733995989119,20.6758413750071,17.6060156996206,"bass"
20.9106546604538,31.054959644884,15.4095644775373,"walleye"
24.9244139110097,34.7528127926544,14.0274607740672,"trout"
18.5099501920972,25.4789819635558,14.5023890320715,"walleye"
20.8738808433822,24.4505093706438,16.7262322044296,"walleye"
11.2999246743907,10.2083748937247,16.2421991814285,"bass"
28.3073432139405,43.9306861997351,14.4513300779271,"trout"
36.2890610396359,41.1574465300691,17.4377161672705,"trout"
23.9061575357267,35.7172850120344,15.2016031861244,"trout"
28.9371331447507,46.0415832342031,14.4564323404556,"trout"
20.8647788587674,28.9387741028744,17.9939467509321,"walleye"
33.0287935363837,42.8705112089399,16.5293676544586,"trout"
13.5790419004703,14.0058151008014,18.3023438168345,"bass"
21.6366789914352,29.9475258883294,16.7010204598478,"walleye"
12.9678383687065,22.7636575357558,18.442723075886,"bass"
20.7750713283819,25.8090411658925,16.196364731329,"walleye"
34.2567202618688,51.6557586842191,14.6895268186777,"trout"
30.7939886663899,52.1431910019356,13.8362424793963,"trout"
20.2609457878819,25.0196143943734,16.0349887729936,"walleye"
34.8220624522764,46.2191403965344,18.3022350223093,"trout"
11.2323483428821,14.2436185016598,16.2063997505421,"bass"
28.4790695463156,38.0557263792845,14.9136304479962,"trout"
25.3337444056937,35.2227045111732,16.0975641282456,"walleye"
22.737307792119,32.2214245137601,17.3783952104128,"walleye"
21.9382191714339,32.9894048458527,17.4396117918085,"walleye"
18.696559248666,27.8484715733622,19.3404994050376,"bass"
14.2729294355183,14.5961729537879,17.6154141373841,"bass"
33.7574739829215,49.0543659134582,15.7813516794659,"trout"
18.5297314384334,30.4918759866932,15.3447008699849,"walleye"
22.2914624675873,35.4281396730494,16.177970845853,"walleye"
31.5538031162942,48.8014490994241,18.2100712056346,"trout"
19.1071038886279,41.2426242867733,18.0583059651147,"walleye"
34.2550819167052,58.9031074915282,17.6548328672564,"trout"
16.2394383745559,27.7261490637706,17.1347174872101,"bass"
20.1771447691391,25.7226593876321,17.1007877922155,"walleye"
29.9475661266688,49.6461219316432,16.0074860813669,"trout"
18.430428588199,26.8320478842481,15.2758777498073,"bass"
30.5997616085566,51.2598839057671,15.8759909169132,"trout"
21.019889668545,32.1875305608535,16.429018277643,"walleye"
14.3377199267317,18.547540212591,17.1646546331609,"bass"
11.2744071884968,19.4968495679009,19.6314543403438,"bass"
37.7335299055254,62.5303805200964,17.475450791455,"trout"
29.8881847507306,42.3403590867014,15.0448837296182,"trout"
19.5846733032203,25.101297145496,15.0694979685425,"walleye"
18.6829314753844,28.3362772773674,17.3734649095022,"walleye"
18.8820992479274,22.7553518154975,16.4257227221435,"walleye"
15.4082393905971,29.0035185635354,16.5014188528355,"walleye"
16.3991628169196,19.1300780909921,13.7155804655595,"walleye"
18.0199899084273,26.3708899135143,15.065869576475,"walleye"
20.1327632007442,31.2732377273954,18.3827641647156,"bass"
18.6980802988065,26.2411199015523,16.3288625532143,"walleye"
18.1973402804693,32.6281881186819,19.6475549279627,"bass"
19.1906697185925,27.9746884344638,19.8002780833509,"bass"
17.8262016671527,21.7147017346603,16.4377008633516,"walleye"
21.135103197713,35.1744963303636,16.6146005959219,"walleye"
31.2218146860763,43.2313345872379,14.7073778927557,"trout"
31.4527660740755,42.3827317605318,15.9180124286851,"trout"
18.8085169857402,33.7121161772787,15.3103336450766,"walleye"
10.3391531338686,11.9847273717188,14.9782214586007,"bass"
33.1487200004387,46.7139422455001,16.4044776654264,"trout"
12.4465888746493,16.5988480564108,18.2115371500589,"bass"
42.3106851802606,63.5263506492548,18.553632262556,"trout"
19.1884209271888,21.1230871473666,18.6705558792488,"bass"
29.9491606065738,49.3060310516422,15.6672120051327,"trout"
29.5760152530047,42.3498055307225,15.65308511651,"trout"
20.176136696519,28.6470874991668,13.8112586270722,"walleye"
17.5539994430209,28.177773120817,18.2968584595847,"bass"
19.8241346004006,27.6527366429882,13.3953901354337,"trout"
12.9951523062146,16.3556950102145,17.4587928062988,"bass"
16.4860022066115,28.8272326937949,19.1007615849631,"bass"
19.227706486447,27.4545960942304,20.0098118713682,"bass"
24.1922643076302,34.6662412029158,16.8421750821032,"walleye"
20.0712665810552,28.9732564751334,17.0131425236101,"walleye"
22.5778356232756,30.3817502056422,17.8408297142639,"walleye"
34.4696378948914,45.8729553455035,16.6196154888673,"trout"
21.350993447818,31.0512457218269,15.3653213445372,"walleye"
16.6552681974796,22.8913913473157,17.5552860742942,"bass"
23.2113993537908,33.4902141710407,13.9404880283352,"trout"
15.8762877471909,18.6885629142567,17.3405026159696,"bass"
18.0480951620331,26.2226627512355,16.6188794780132,"walleye"
27.7588790286865,38.6516033517088,14.3347366909934,"trout"
18.4502603569466,22.0746374311512,16.1077550295297,"walleye"
23.6574323601983,30.9500856071558,17.2133239644333,"walleye"
21.7632775249021,31.2680071257612,19.3430330927672,"bass"
20.087378356921,30.144844972562,15.2261950932011,"walleye"
17.5829834385519,24.3914920530088,19.1022133651419,"bass"
18.5870649214821,24.5480014972612,16.7831523251057,"bass"
13.84055479345,23.0476826540936,18.3386094011521,"bass"
23.7730536899338,40.1972316740066,17.6108114592409,"walleye"
19.8128990292769,32.2193210335667,17.7952780798346,"walleye"
24.1922452393323,34.034182156191,13.3288887736974,"trout"
18.0998505122074,31.9557342119084,19.6039269300029,"bass"
17.320398831411,27.8941543110398,14.7967650797527,"walleye"
21.4423720607489,36.2917166794483,15.2005279943195,"walleye"
19.1842025934456,28.4265266350885,16.795881310833,"walleye"
20.8463104395281,28.4950881950771,20.6584676885444,"bass"
17.4665917786648,30.1334109171142,17.3663759602581,"bass"
32.3272306540105,50.3591572705136,13.3452566694339,"trout"
31.1808861816379,50.0967339650754,15.2946275227267,"trout"
20.0364749724348,28.1485307740039,15.1013778414293,"walleye"
28.8000706300458,42.758747584203,13.4823655145141,"trout"
23.5574589229827,30.7539481636888,14.6188510333502,"trout"
22.8558025086504,33.3793592596661,13.9917368943094,"trout"
20.9124231696944,30.4554307625211,16.9169588417258,"walleye"
12.7611671116191,18.7079380371714,15.5728547798496,"bass"
32.7654666320911,52.4099780078999,16.7554835212942,"trout"
30.867817017968,42.3008073164616,14.2380171276432,"trout"
23.1975783615229,35.063771882139,19.3556423149432,"walleye"
21.0528913732865,33.5477380771326,15.9875529803692,"walleye"
18.6874446099211,26.8241235482984,14.2284639867818,"walleye"
14.705302349261,20.464287380787,19.5544225117214,"bass"
28.0332017381672,36.6662456117428,15.8194053897861,"trout"
32.7027734398506,53.7033007814222,18.0907903132096,"trout"
11.2956424511718,19.8143889490033,17.4454790473659,"bass"
21.9753194838826,27.2507101881414,17.3331804404283,"walleye"
29.8786979695901,44.3159291499478,15.4294885558508,"trout"
31.8770651725121,49.1985276990098,15.5928166764683,"trout"
26.6841839782821,38.4058516727307,13.5825582594998,"trout"
19.6044078021285,28.7737829842656,14.5587260702902,"walleye"
29.8748606975559,40.5135025366043,16.5018220018051,"trout"
20.6318078684575,29.629994653018,15.7774138749758,"walleye"
18.3863500987888,24.5739470565374,17.5439059806834,"walleye"
24.8058049996006,41.5500020089735,13.9112163139026,"trout"
16.8381740971475,24.1747426391932,18.6485733260053,"bass"
24.5640199885885,35.0442299348048,14.1910464512341,"trout"
17.1441037875517,23.6771333958702,19.5883600915375,"bass"
22.1389518672058,31.4730325607953,13.3750895785865,"trout"
27.5647177707481,36.4558534358984,15.1118377362623,"trout"
21.8313117118702,31.952440942598,14.7365346417817,"walleye"
17.464711764266,26.9207424145999,19.4833300326361,"bass"
16.4504570894781,21.1760827230913,15.7033454174696,"walleye"
26.9548689900046,41.890347249007,13.911395367586,"trout"
15.3052899889826,20.7490464806134,18.9041583539603,"bass"
33.5733510258882,49.8261990162161,14.82044455071,"trout"
22.1720037091681,33.9828551240049,11.749895186258,"trout"
16.6943354254686,30.2709536622535,18.4946829544186,"bass"
26.1674141659241,38.5331061432787,13.1256610401426,"trout"
32.7575220963108,41.7564652144183,16.4161745282399,"trout"
17.9839219775017,25.4375498289762,15.8466270226721,"walleye"
31.944489527102,42.507113810565,14.5924712239709,"trout"
26.1374721154677,36.9949425364005,14.9669937328337,"trout"
14.9132220443883,11.7596546419808,19.1417946561592,"bass"
14.8688281697812,12.1351741536407,16.9025929279149,"bass"
11.5194423892958,19.8331115369384,16.961760233831,"bass"
20.0634271301554,26.9547634369087,16.5541868718876,"walleye"
21.372823883397,33.6806520574053,17.8187886979755,"walleye"
21.2158611489544,37.8989888166321,16.22265415583,"walleye"
19.2621969214291,27.4337984043601,15.6221291341684,"walleye"
17.4151233639797,30.127100854382,16.1343059064465,"walleye"
20.8824314384075,21.6232521616657,15.7116945538909,"walleye"
31.0535538006215,40.1006702284523,16.6937796977754,"trout"
18.1261764601753,26.5781151177653,16.525252951549,"walleye"
15.7158434199756,28.7961807239122,16.9307472866908,"bass"
20.4272062193191,26.364445768078,13.6874020039202,"walleye"
32.2806646559369,55.2103680842552,15.2024383181365,"trout"
18.3894100080832,25.3287292249475,15.4244040854844,"walleye"
39.0539518705592,60.2982940191225,15.7621930151891,"trout"
19.663534140598,20.952622032926,16.2917655172128,"walleye"
18.7198823733416,28.1620573802785,18.1940599219989,"bass"
30.2949666828992,47.6103961165838,15.2444203838413,"trout"
13.5523965663386,22.7134428094293,17.4674445118232,"bass"
26.8966123526766,38.6654202550334,15.1749216687177,"trout"
20.9126698685851,37.4427999328409,12.2056490557217,"trout"
6.38488499935293,4.20566762296925,17.4723626657227,"bass"
23.0532336286496,38.6252974209254,17.3319031277289,"walleye"
20.3425338966932,26.6533650355487,17.0158622204693,"walleye"
21.1354490404079,38.6972946605717,17.3039368807676,"walleye"
21.1581063812829,26.3053198813829,16.3309583993966,"walleye"
21.3330305739029,30.1159907384229,16.5826831209638,"walleye"
23.5741563832384,41.421471887218,15.9843868347497,"walleye"
16.6189267341166,23.5436242940884,18.6467371456444,"bass"
18.0399172478209,30.4813348816643,14.8265906097878,"walleye"
25.6138396489263,30.595170324729,14.6232862172175,"trout"
15.097883252651,29.6025287836341,14.6618465312081,"walleye"
36.7225349886501,58.9194372690793,16.6317285057728,"trout"
15.8491544307722,29.1079281356888,17.492064495516,"bass"
33.181832769631,50.4995580328808,15.3181528038485,"trout"
18.417265210828,28.9298842045191,16.6518724172495,"bass"
33.3196776909725,48.7357971774977,15.5922559691484,"trout"
29.7392152465075,44.5738318560623,15.3359695321524,"trout"
18.9961860757642,32.2043881520293,18.9632161394802,"bass"
24.032177228074,40.7451606936952,16.7758454321727,"walleye"
13.9203379483178,16.9554835512067,16.9074494512612,"bass"
15.3548114136486,22.0892457340209,14.3867619868949,"walleye"
18.7625857441112,33.0394822960304,16.3342041030014,"walleye"
42.9004996591746,65.6009578667424,18.1697655038629,"trout"
19.4415851110849,30.457882594421,14.8190250263002,"walleye"
17.8143152545308,30.5672843907715,17.2760878367792,"bass"
21.1675659194719,26.3036807536646,14.3666425085561,"walleye"
15.8867166477599,20.3550175784223,18.358543056393,"bass"
34.8029154571578,45.9876200796204,18.1093037374877,"trout"
19.7594066207884,29.9380946809753,15.4154335453082,"walleye"
18.0914660033076,28.1273237186291,14.2539618856714,"walleye"
21.238747142153,29.7857567588355,19.0169300233299,"bass"
20.7712400706084,27.6289236144927,15.4459481550583,"walleye"
13.8888592394456,17.058075493982,17.7156043965028,"bass"
26.1646281356094,36.1455513017874,12.5697002526734,"trout"
16.4050422617218,19.8533752072189,17.8563563636176,"bass"
17.7935237138333,24.4790708354166,16.5555438112385,"walleye"
31.1878201788823,41.9554961870207,16.5529705334388,"trout"
13.6515233581122,23.6161477796842,16.5480847468667,"bass"
17.8558993703409,30.1376508204563,14.7876991429843,"walleye"
17.3287086851542,23.3590803494249,16.331775389208,"walleye"
16.7891510993417,20.4095469070526,14.4835722946051,"walleye"
10.6109619649236,20.6166397141876,15.8688345015876,"bass"
27.6414364002838,45.8204541197325,13.8766485553156,"trout"
20.5718076635573,34.0723894978559,11.8980346797339,"trout"
20.6761518295989,33.1969857482953,18.2161865658793,"bass"
21.7260860871393,25.0652611574984,16.0945012451257,"walleye"
15.6235670065162,16.3139488679515,16.2290607268165,"bass"
19.9281886876934,27.5695261052363,20.5062579883926,"bass"
13.379869056512,23.6956968930419,17.9565656536913,"bass"
19.0630989616502,25.8919240948714,15.4354088491729,"walleye"
19.5889323122371,31.0411447254573,16.9901340669833,"walleye"
12.713959895549,21.1770003844328,17.1928907248659,"bass"
26.3067642854172,35.9000581367808,14.1672102318172,"trout"
15.9401843072988,20.9532718453051,18.4781743422858,"bass"
37.4734774133678,54.8321695888355,17.3609464751374,"trout"
21.8015196915584,34.7220786798456,18.4056365255747,"bass"
17.7487425042249,29.8767733307652,16.3339037829599,"walleye"
14.4726256444139,22.9420856052837,16.6150381496699,"bass"
16.9928856604526,22.626742022359,16.3329132501845,"walleye"
31.4416994359184,42.3377472120993,14.218518455714,"trout"
19.7029024258281,28.1191034026524,18.017068711977,"bass"
15.8640530312266,18.939735812684,17.3847591186351,"bass"
27.4867286465567,36.8349974325321,15.2032021014657,"trout"
29.6263169897549,43.261399543811,14.5290373111743,"trout"
19.6010772066046,32.5356392249,15.5330204732225,"walleye"
34.4154766867148,46.4118208904208,15.7485751677283,"trout"
14.4154637276,18.4539280418658,17.967549089499,"bass"
13.8066668003837,19.1718530628941,17.2720660166769,"bass"
17.4137336202659,22.3666514316854,13.8720268668262,"walleye"
22.1691453290715,33.2226395694999,13.0222103401698,"trout"
17.8874289488687,24.1783749800713,19.0767887586154,"bass"
29.198896545134,48.3291989946429,13.9681289537634,"trout"
14.1037665733829,20.506147638429,18.1807377079164,"bass"
32.0161050517216,45.0719924182965,14.0787904994177,"trout"
20.8856814623887,27.4994426143187,15.1962932445351,"walleye"
24.8163645192131,36.9486456125277,15.1781749500728,"trout"
4.26899148053721,5.40877024265474,16.9254340939317,"bass"
21.4964620148084,25.9701134829572,17.1365923191531,"walleye"
19.9775313994738,25.616208093847,17.1282190190519,"walleye"
18.1266256547837,18.3187512490318,19.6168461542912,"bass"
31.4752731381521,44.6912832743208,14.2307367423023,"trout"
23.3173936628405,39.4635614485089,16.9457213175178,"walleye"
10.9602931167679,19.8570310601452,15.3477470739549,"bass"
16.8615298587693,28.255906132253,13.6826534443251,"walleye"
15.2787869673799,22.7407514059467,18.8781000393918,"bass"
25.5278218054671,35.5293117786214,13.7319941225271,"trout"
31.2640258492815,45.2308795241668,15.4515537716757,"trout"
12.3788333471908,19.8246459015438,17.3699559567699,"bass"
28.066324406399,44.3509009060753,14.8604226215069,"trout"
11.0098708299237,15.561738050385,18.4496265168073,"bass"
23.2282818965431,43.7616232897,15.6663293373307,"walleye"
11.8404123575715,17.2748311207107,18.0277806243169,"bass"
15.6481251320387,22.0087280337213,18.9454332310153,"bass"
32.2920391320673,46.5190018625065,15.9671793482553,"trout"
13.1940283268557,16.6128531563608,18.1241326562373,"bass"
19.5423528094476,31.6065220369214,19.5906482746404,"bass"
37.6430217009747,55.6593535828204,15.4026534202623,"trout"
21.5834890173383,31.8464122091594,14.9345498612882,"walleye"
27.3426248191785,39.2519595696297,14.4683213923465,"trout"
18.3331601498863,26.8567672229244,15.8502636232851,"walleye"
22.574589271649,34.1345688156284,17.5101424028682,"walleye"
26.11745165345,38.7598509897353,20.0056448534211,"bass"
15.2159399419728,22.9341543499453,18.2127488509602,"bass"
39.467383518854,54.8884964373157,16.5722171914634,"trout"
30.2541258539135,44.6004597655612,14.0760292722763,"trout"
29.6557935757807,45.6473169346421,17.0596683753556,"trout"
28.7642205142011,41.2001780127888,12.8189293351625,"trout"
38.8230506547598,66.6908905168211,17.0014523764185,"trout"
17.3178970147588,26.0018022983756,17.6472147329824,"bass"
19.1446483328843,24.2628283526225,14.2533281292304,"walleye"
17.9185696489737,21.7331062555504,18.5070343321677,"bass"
17.9008820325181,26.5436960536611,18.5214294989931,"bass"
25.5085263526679,36.6357043192396,12.5743927555745,"trout"
16.209050614383,32.2108848783702,18.1622554026965,"bass"
17.6979834459562,24.0336719479181,18.608868025589,"bass"
41.0213394882028,59.9779659239698,16.0978638555728,"trout"
18.4193312550141,30.656064951724,15.1488500894008,"walleye"
14.74400713614,23.0099031536487,19.0342267498065,"bass"
15.9676086571235,21.2531463510768,15.2843254701903,"walleye"
18.6328963415551,28.6055444110007,15.8335174571649,"walleye"
17.7667771974798,28.6240151190187,17.9067187287496,"bass"
14.2072686848037,17.5693609784001,17.5974095212188,"bass"
16.4371774143866,25.9409170316933,18.1346340290162,"bass"
21.8012420584478,31.0474717382966,16.8357144400649,"walleye"
17.2890434627828,18.6562949072823,16.7087038713478,"walleye"
19.7878590045998,25.4572339007397,14.9432618651222,"walleye"
13.3796713772298,17.7900688295822,18.600648365078,"bass"
32.2590680432179,45.7541779094938,15.5156551424274,"trout"
34.0931219556962,54.259886756902,14.1598254440118,"trout"
25.3373611760128,35.5399417552901,19.8162804237078,"bass"
23.3311194071244,39.4540761460198,13.3081585620371,"trout"
18.0887744087378,29.0042216197925,19.3363684897065,"bass"
12.5703661502148,15.4969969734518,15.5649566440632,"bass"
13.3611953057603,26.8771286843826,18.8968066222401,"bass"
13.8170756850045,16.7501620511014,17.1493746392584,"bass"
9.82289599470121,13.9849414470741,17.7223389927293,"bass"
32.0823981975047,47.0808730926634,14.3930121723756,"trout"
17.7318672174372,26.1761486636361,16.109820209362,"walleye"
24.3582315622232,31.1359424535608,17.391123499232,"walleye"
36.3401230112271,53.8983375095303,15.8634091885694,"trout"
13.7548421549075,22.863423538971,19.2545030371675,"bass"
21.3761829339439,39.3894141613987,17.195254913245,"walleye"
19.1453657971064,29.8843734725424,20.2414470409946,"bass"
14.5393756454837,19.1755654967553,18.3514639650607,"bass"
23.37622929835,33.8282011249739,17.7783397929439,"walleye"
27.3679010159366,42.8757432175736,14.1274812890869,"trout"
14.7348158296369,26.4651335912096,16.5840922924159,"bass"
22.120388558036,36.5155694374492,16.8185170234178,"walleye"
39.582620475079,60.8695054944001,16.0950101093503,"trout"
15.4024005893095,21.362028142563,17.9371333840109,"bass"
15.6976428035216,34.3354014014608,18.294282388651,"bass"
20.4336152686522,25.8723975662198,13.1250086052682,"trout"
30.3438211534254,37.3657463221802,15.2629048214241,"trout"
39.0610589802397,64.4647298467079,16.0306311496074,"trout"
26.6681070513323,37.1690872126086,14.9812533412574,"trout"
18.4054297746307,31.3930720510499,17.5399487875833,"bass"
6.28679155042363,5.26988351000111,15.5736238768556,"bass"
28.2844903580769,43.0905758738754,15.3785730373165,"trout"
27.8132430776679,45.0256502108777,17.1783438030586,"trout"
32.0410924810748,45.3252585319043,14.8145557115442,"trout"
21.69635957379,21.8735564744229,16.591495753363,"walleye"
19.6784733006176,31.1748186997449,16.3304122462374,"walleye"
17.0460097720301,24.5889345724757,17.8728326437807,"bass"
23.9937069769206,32.9036900259774,15.3907741580527,"trout"
17.3605303962793,28.3218771948873,13.7574895228523,"walleye"
15.2629229595776,25.9479549648816,15.5977374340957,"walleye"
18.74893940177,26.6660975461122,14.2744531545132,"walleye"
17.1415264775395,18.9107428220786,16.3660283999366,"walleye"
33.1170039818023,54.6894924552027,14.0946022091787,"trout"
19.506523443184,27.3183912007655,15.9828797276177,"walleye"
18.5526769891548,26.6842569703961,19.3176399510025,"bass"
19.5865588195664,31.4583609330026,16.6191185286023,"walleye"
12.0308016029137,19.7347795441906,16.4577076847913,"bass"
21.6643342793639,28.3368433352899,16.6618941175946,"walleye"
5.61754465370642,7.29202744980539,14.0896096884197,"bass"
31.5416808494886,46.8055041041067,16.1082292133937,"trout"
20.426841884818,32.5265699820136,15.6089510119511,"walleye"
20.4407890294753,32.5594742883031,16.5583006331681,"walleye"
19.4579484755059,33.8699230413172,16.4676583822771,"walleye"
15.6997757724132,21.7461227828581,15.3239562823555,"walleye"
36.2426604093011,52.764208117998,16.4518471470626,"trout"
10.0687022533107,9.08259725866331,18.6567375593366,"bass"
24.3837349657965,40.7778276597394,17.096101996624,"walleye"
21.423770563923,31.6413295259641,16.1322206759285,"walleye"
22.4899378052374,34.5195909161014,16.7688380341576,"walleye"
1.65043200205024,2.35830160049482,16.9090367348481,"bass"
19.6144552030029,34.1049837117395,15.4502791113592,"walleye"
15.0643675088636,29.4689551619519,16.9993385405232,"bass"
22.7086034341843,35.9226164485428,19.110226799057,"bass"
30.2562152254045,40.7835610747117,15.371879057393,"trout"
19.3548069020518,26.547311792809,15.6396495695413,"walleye"
37.6179609613208,60.9465626321966,16.7979077659129,"trout"
17.5881024373791,23.7576170730187,16.7833048424228,"walleye"
23.1564235567957,28.4281620721721,17.04045048559,"walleye"
20.8736647807729,23.8687793443675,16.5792602390561,"walleye"
13.4782570428827,22.3719513002928,18.6719475205213,"bass"
25.5747046984429,40.2084554404168,13.1168780704812,"trout"
23.2870912816686,32.1102005850251,15.6200391486632,"walleye"
17.5774875439994,18.2319668908751,16.8253505727222,"walleye"
16.9878152309429,32.4342216735761,15.4917277784398,"walleye"
32.1897839139964,52.3979921847807,14.4734267405338,"trout"
20.3605084382192,34.0726061199307,21.0689397288042,"bass"
16.0789338562473,23.0714587541155,18.007928551197,"bass"
12.4836421507515,15.2338072080581,16.1939644507759,"bass"
12.3901800209092,22.1547286432668,17.7938038762127,"bass"
17.016260647933,28.9652413787017,12.5263520797858,"trout"
13.9577701660363,22.1523128981426,17.1351688972505,"bass"
18.4758970066114,32.0585049053519,15.6582225646818,"walleye"
29.4428090298151,42.7934719986924,14.1435347672329,"trout"
39.9723744201813,66.8508805184894,17.5055261330532,"trout"
17.8791196625309,25.3549395594245,18.6553311503864,"bass"
23.299767565246,36.0247491334218,13.2512184090575,"trout"
21.1486546032859,31.7361986272035,15.3256932951626,"walleye"
36.4378349961683,58.3509176360188,16.0386205329782,"trout"
14.7902759414378,20.300815757924,18.0936119354231,"bass"
18.9594812426789,22.6740817985993,17.49214305419,"walleye"
22.2137784891517,31.3680664606987,16.648192325278,"walleye"
26.4210385947085,36.4666085405313,13.4092029819626,"trout"
14.6677285512902,25.0863993652521,18.2247865409168,"bass"
20.2665477155657,28.2089132858207,14.012187037412,"walleye"
30.7658705787323,48.3190606885399,15.7511075764889,"trout"
13.6327382223336,21.9328407167851,19.1476764769361,"bass"
21.2218219350343,21.0016640023648,12.3835987426001,"trout"
22.9397613647727,37.4613316807849,14.3151380066897,"trout"
33.4170190269214,51.9721927227568,15.2961893553676,"trout"
32.5216279710096,48.2097651004208,16.8167835279037,"trout"
36.0846279875988,52.069879081702,15.8312702156783,"trout"
19.1239457589224,30.4436617268743,15.3824691071792,"walleye"
6.0084810408601,13.1316574593683,16.3198934683121,"bass"
20.154510675581,33.1887321379593,18.5748493677072,"bass"
19.8492537857931,28.6043087902081,17.5914500054333,"walleye"
21.0245148632485,30.2016233003342,17.1150341194538,"walleye"
17.1356993546767,22.4054661744131,15.8050226639981,"walleye"
29.3461138877122,44.4436092270831,14.655584144027,"trout"
13.3114122147722,21.1564432706436,17.6158412984143,"bass"
27.7079278026513,39.5022177130576,14.6286492064671,"trout"
33.5138805508019,52.1401367725868,15.7878358194195,"trout"
14.1906689709831,19.0812055266589,17.0477316045376,"bass"
14.1856539646525,22.900640722307,17.9353699752422,"bass"
20.1156221676658,31.8679465619857,16.426235977335,"walleye"
22.6337688845438,31.2980678518218,16.3551525903696,"walleye"
28.1625959146386,39.7481991400117,14.6848345556593,"trout"
14.2277603356239,20.7246908914698,18.6584072850322,"bass"
28.3401954296727,44.9314734531241,14.4604843305992,"trout"
9.72482163243848,13.9144895118435,16.6085558867663,"bass"
31.3690105296602,45.9910379178952,16.8961019754863,"trout"
35.3077604118845,49.5137243636102,17.2868977857728,"trout"
19.7113804258423,27.2973223745722,15.9550726772312,"walleye"
7.23492312614834,14.0784163307925,15.8717419889964,"bass"
17.8710356637698,30.3104499144687,16.4840766918737,"walleye"
12.6622174128493,24.1543491445739,16.5950294275163,"bass"
30.1633077164116,47.9470580104032,16.7180057924175,"trout"
23.6179185571967,32.8959306491509,17.9562378217104,"walleye"
18.782084517584,29.6632387506983,17.2078742960402,"walleye"
21.3509787770559,43.7964402548183,18.2359299287669,"walleye"
29.3610678032601,47.8827864985625,14.650384800315,"trout"
7.97409889083466,16.963162958049,16.9390546543493,"bass"
20.373632984205,31.2381031266486,15.7476398190155,"walleye"
31.0877052660218,49.5684832219121,15.6801703957471,"trout"
18.3095800612156,25.1153367381585,16.3218250886393,"walleye"
14.3104839246717,24.6132601386472,18.6422398784871,"bass"
20.1753056487273,34.8119989803061,16.6038876340732,"walleye"
32.4926927062695,49.6193759025657,14.163971440856,"trout"
9.47925885902866,16.7620402108972,15.9464755167114,"bass"
12.1776612225737,21.9746673364517,17.9679948678684,"bass"
18.2847685844208,24.4190183117487,12.5671373923999,"trout"
15.1201276133936,25.7216330573472,14.2225507216136,"walleye"
28.2530601571805,38.2876768562815,15.226217084677,"trout"
18.1746548531828,31.8356663157809,18.2632099367642,"bass"
10.2440188487618,12.5634179851263,17.3342001260645,"bass"
15.4082903282989,23.7252690710761,16.9494577727711,"bass"
17.1418403236486,27.6103585761837,16.7664428968164,"walleye"
15.99896727403,29.0028415585367,18.1549722050495,"bass"
32.4233680489747,49.6016924245207,17.293362109998,"trout"
20.6460233616368,30.6189288583482,18.0172251749434,"bass"
19.4805094846417,27.2024444705679,15.4461056047084,"walleye"
24.2873436461844,37.1385621078216,14.2532565155889,"trout"
20.4308325604146,34.1887278076739,18.6187184778204,"walleye"
23.2463766242315,35.8254489325045,13.4344109237331,"trout"
11.0908077486815,23.3189460016992,18.1958394838836,"bass"
11.5323905752746,15.0227267409725,16.6917259623867,"bass"
19.6307124570141,27.7550272249576,15.9575124431079,"walleye"
21.4493632418953,28.3105748340793,16.5829327856971,"walleye"
35.6772255686965,53.4216993272076,15.7801567650169,"trout"
19.5107193654501,27.4782449895844,17.7404495809698,"bass"
26.6562213974719,41.6303040073018,15.6974264161904,"trout"
23.1111581386743,32.9906005061386,14.2436805948116,"trout"
21.1538972563141,37.7728491783845,18.0912188810499,"bass"
14.2268738265772,17.4401598808093,18.392156306027,"bass"
18.4976207071157,28.2449334697776,14.2980614554567,"walleye"
33.1968846561126,46.3594845271542,16.3270170960433,"trout"
19.5744092467927,29.7741289076627,17.9939944362336,"walleye"
24.5860752129539,27.3621435090702,14.4654824358638,"trout"
28.6346625743067,38.30874318323,15.1760812171155,"trout"
30.5582799452269,44.4916661857608,14.8484187621512,"trout"
13.7685748505739,18.1702556304638,16.1601611649805,"bass"
31.4660631579961,44.1388894284659,15.1766324382785,"trout"
19.7086119241989,34.788018677633,19.8152336936956,"bass"
20.1008808092653,27.8946050500131,15.8435726780915,"walleye"
19.2182337849619,35.8976918722224,18.3829589274313,"bass"
15.7136082299197,24.8307756775975,17.8811391585399,"bass"
22.5081719419038,37.5299382282754,16.4697116431314,"walleye"
20.1075166275697,30.1914456307453,15.9028499254573,"walleye"
34.7700353360613,54.4189093441847,16.1472174137777,"trout"
29.0531805076317,39.4272650301275,14.6075702057637,"trout"
12.8805236555297,24.3909655258882,18.8526802460949,"bass"
29.759302833323,42.227687031793,15.5690717417266,"trout"
32.8583934563784,50.5843823068245,15.8061529867869,"trout"
19.083171849994,31.1363033100902,15.277235354907,"walleye"
22.2735385199493,30.7605511968191,18.0938452025424,"walleye"
18.6974194452549,25.4813812698503,16.4290026414107,"walleye"
18.077251158456,27.4567483752915,15.2274807685656,"walleye"
20.0643749001626,25.0823274475461,16.4162222892961,"walleye"
14.9354217546139,16.6919348639092,18.6050072452266,"bass"
20.3285345767604,35.0131405542793,17.3530687709877,"walleye"
19.1878702234304,28.9425739572708,15.6132245085856,"walleye"
19.2692170712458,27.1322963108277,15.4895980428198,"walleye"
19.9933158318168,29.8597909330569,16.5804081867256,"walleye"
23.1574394427812,31.759605178828,19.9222829248708,"bass"
20.3849571527508,30.9117130001774,15.4236345016459,"walleye"
22.4632997377892,33.5244081319181,18.9280835464836,"bass"
10.6345880766457,11.1428885378767,17.0905762161071,"bass"
29.8517051662295,44.3476087180004,16.2377872290918,"trout"
24.832039929378,37.013166658914,13.6785459598944,"trout"
14.9448994067691,19.565631916755,17.3972106997634,"bass"
22.028186915789,33.3344574505695,15.0734970218758,"walleye"
18.6893493622646,33.0894264266381,15.99243582421,"walleye"
12.6097599590894,18.7499813158118,18.2420058954226,"bass"
17.7855275823851,26.5675649158392,18.3531345317592,"bass"
19.3667187091498,37.4090701005789,16.0265487921383,"walleye"
20.7892557113577,31.8518328985729,15.5080696722995,"walleye"
26.3580894081189,36.5248907796234,15.9376309519155,"trout"
35.5878816188345,52.2332248736338,15.7968053702366,"trout"
23.9298694463384,31.7907160278212,13.7340205677828,"trout"
34.6531312458553,50.052511729515,14.1712543244371,"trout"
18.4320873764156,20.8526904496582,14.1929307671598,"walleye"
22.8556932323547,35.8437620800198,13.1840965617102,"trout"
20.7415879282954,33.492371527613,17.5476630239578,"walleye"
36.6031533127322,52.106752474918,16.7945451613231,"trout"
21.3491012335853,35.8274481538761,17.9983219790584,"walleye"
38.8128122988743,62.542228533411,16.9186031576364,"trout"
31.7519205255661,46.3244934970847,15.2021951371191,"trout"
17.4297523806607,28.2696263037069,14.9323677558866,"walleye"
33.3332625992426,47.3483779036331,15.4374100063428,"trout"
16.0215706714219,21.1293647223856,19.1410961320374,"bass"
25.4564393046551,29.7814497010155,19.5135141653114,"bass"
13.1289992691652,23.7314041123619,19.3700781214584,"bass"
20.1000435816748,30.8339520426717,15.1105939920068,"walleye"
18.2333858970617,28.5056263468185,19.6940948179788,"bass"
31.3473687588187,47.0376169439383,14.8647438150238,"trout"
36.3398757246678,58.3330304108088,16.0675617285109,"trout"
9.15311257932027,13.5585230413416,18.9172050414515,"bass"
28.7173423667784,45.1592589890059,15.4701581854761,"trout"
12.7244609677011,18.7119261852203,16.0405275994006,"bass"
22.666843468844,31.6488326843292,16.8775492141842,"walleye"
26.2953226912559,35.6357671906998,13.1577270171455,"trout"
37.3442442279738,59.0270658730369,17.2075161068401,"trout"
13.7132333044798,20.7340837251242,17.1953582572076,"bass"
32.4159439998439,47.3980959574758,14.6564808165336,"trout"
35.2934329361087,55.5794301720202,14.8712895599449,"trout"
7.42559028305484,18.4989850555096,15.7064540944617,"bass"
18.239502992284,25.0552013596381,17.023522531892,"walleye"
28.80045903361,45.4525914292146,15.5397034969686,"trout"
17.0000371448841,31.7152813466901,17.2026584743445,"bass"
28.3123315446144,41.5570379133085,16.9140327337908,"trout"
22.9505817412466,40.2852990279987,19.1586113769384,"bass"
20.8682874003222,27.5401543692086,16.1230161863421,"walleye"
19.9680458640348,35.0296922843544,15.2624585775926,"walleye"
23.4605443504778,35.0038229090759,13.9856036749921,"trout"
34.384880785529,45.6662910977429,14.8959407323174,"trout"
23.5309924406981,38.6427579338657,14.8422392427655,"trout"
22.4806477956102,32.6115430504203,18.0600155650866,"walleye"
17.3686139531054,26.6058941709882,19.6575907772742,"bass"
29.6940000614232,51.3957802884718,15.4427728725178,"trout"
25.8144165736333,40.3400041961289,14.5586427870902,"trout"
17.8479936320511,27.2726526211539,17.3551231623239,"bass"
20.3432630149044,29.126816143129,16.270020659058,"walleye"
12.2969371814329,14.3486297116632,17.8697571500778,"bass"
19.6574757714962,31.282776980269,11.7085063053075,"trout"
34.3596708335488,49.1391239303236,17.1372821211832,"trout"
20.5339440606506,25.5782303250984,15.8321232755729,"walleye"
38.1678971983916,55.7810459275098,17.7730283718915,"trout"
20.2213342050143,30.1177860581381,14.6925294748668,"walleye"
14.7466215076111,25.7817482036526,19.540191483358,"bass"
35.6979487940264,51.3623390703184,17.3094331503484,"trout"
20.9732542578887,29.2693503985401,17.1767488926514,"walleye"
21.0789922476253,28.8638818916598,18.1801479154542,"bass"
30.3545222695881,49.7594844613242,15.9536394688322,"trout"
17.0346616073801,29.2987766009198,17.8153778628012,"bass"
11.895705189205,9.48163138606178,17.3809362733643,"bass"
22.8579704736315,34.6701030912332,18.4124203892452,"walleye"
19.4208513775694,26.6634511555356,14.9401882116033,"walleye"
12.1824200637227,11.626920742207,17.978567914261,"bass"
14.5188756478625,24.6219618374253,18.8511795235672,"bass"
20.819722715132,34.7182044419207,14.2695074924966,"walleye"
19.4409607550369,24.7511748614812,14.6750650571202,"walleye"
23.4700847282019,35.7033634884166,18.7949717776143,"bass"
19.3576735766756,23.9250543559304,16.4528088357754,"walleye"
30.0475043212295,47.8834664518305,15.7958307388976,"trout"
28.1567068433713,45.3264607184717,16.9563378558913,"trout"
23.0928598396264,40.8122233844932,15.9346957614562,"walleye"
32.9503001383741,46.3877356628571,16.204888142188,"trout"
22.4910679807361,41.6129670378048,17.0263271308311,"walleye"
12.9955470265035,14.8702762384846,17.50681333623,"bass"
26.2853702187575,37.1925063154233,13.6679994395505,"trout"
36.4206555281919,54.930789368759,16.5055990569658,"trout"
20.739697034862,25.0308595255117,13.7101458150306,"walleye"
18.5800453777176,30.4342000311414,19.5722347556649,"bass"
25.1847271485522,31.6162497727411,12.1323648654196,"trout"
21.2823208004811,32.4641861913289,14.677116242254,"walleye"
10.4749772699948,19.8185076799934,16.3459284004829,"bass"
19.0258057930814,29.5063847442104,18.0749017322439,"walleye"
20.4554080882104,30.6871023663542,15.8505828561051,"walleye"
20.990310520506,25.3132030956868,16.4774576116029,"walleye"
36.330312175993,50.0252083019469,17.1514206479326,"trout"
13.3459325248032,20.8980135875914,16.0903418591736,"bass"
21.4145971648188,37.4574442728604,17.0863176417169,"walleye"
17.713046311847,23.5735190096635,16.0713404738309,"walleye"
12.2329583008672,16.016142154625,18.7870581478482,"bass"
28.2538109488178,44.6441469393576,15.0389834368024,"trout"
22.7298737697465,34.7521899918507,17.7973790405803,"walleye"
15.3760187558998,13.6733981117043,18.0515800010202,"bass"
22.3360864252095,31.1372869945383,16.2142027314205,"walleye"
26.6632977278359,42.7593909908139,14.2765971409221,"trout"
21.0258436898124,28.124219481483,15.1968479040582,"walleye"
15.889809790624,26.8974689552245,18.5559853025472,"bass"
20.1008209213788,34.0101772351375,15.7107623256709,"walleye"
19.2002684525642,24.9993853994976,16.4529361328782,"walleye"
13.3860480463737,18.58104945617,16.1552896641526,"bass"
19.5116734022386,28.1495386266202,14.4932938454166,"walleye"
15.4585281768055,20.8712940136405,19.564467046589,"bass"
26.8526989983899,48.0251348512311,14.5546564643517,"trout"
33.6811124804358,51.1303933277706,16.3361214130299,"trout"
22.3402263408674,34.3630694671388,12.4521765127876,"trout"
13.2928585770022,21.2970207914577,18.0465365244403,"bass"
20.5345236773269,32.6777554420113,18.5697943309168,"walleye"
21.4925444631709,38.1025425561116,17.4412649743575,"walleye"
10.0043129971494,13.2165367892362,17.7229234863088,"bass"
19.4865880058935,31.0910758390819,16.9884677869641,"walleye"
27.7986837956377,38.7671046099745,14.1844023488757,"trout"
20.6703010564241,27.1258834094119,16.7824583877892,"walleye"
20.1542471150616,31.0401164113783,15.3281472947341,"walleye"
11.7241450573706,18.377828200428,17.6120750505109,"bass"
6.99737974377434,7.73629129855417,16.4376847847556,"bass"
17.8831538384498,30.0172184392824,17.1950976756002,"walleye"
24.3571517064574,41.4080095895141,17.3948650409004,"walleye"
11.797600437283,15.2183904466316,15.4021627116022,"bass"
